onset	duration	trial_type	rt	resp	gender
0.5903980000000502	3.0031208000000333	decision	2.036564100000078	right	P
4.142779200000177	1.0005876000000171	win	n/a	n/a	n/a
7.745488600000044	3.0039644000000862	decision	2.0339100999999573	left	P
11.297870999999986	1.000805200000059	loss	n/a	n/a	n/a
14.900599499999998	3.003808200000094	decision	1.7838156000000254	right	P
18.453069400000004	1.0006885000000239	win	n/a	n/a	n/a
