onset	duration	trial_type	rt	resp	gender
0.6963345999829471	3.005107600009069	decision	1.5645918000955135	left	P
4.259323500096798	1.030744899995625	win	n/a	n/a	n/a
7.94632300012745	3.004012699937448	decision	1.3124591000378132	right	P
11.508790000109002	1.0312516000121832	loss	n/a	n/a	n/a
15.196366399992257	3.0616779001429677	decision-missed	n/a	n/a	P
18.821305900113657	1.0000350999180228	win	n/a	n/a	n/a
