onset	duration	trial_type	rt	resp	gender
0.7274605999700725	3.0611250000074506	decision-missed	n/a	n/a	P
4.352178199915215	1.0001954000908881	win	n/a	n/a	n/a
8.039985599927604	3.004795900080353	decision	1.812506000045687	left	P
11.60251020011492	1.0310437998268753	loss	n/a	n/a	n/a
15.321156000019982	3.0607245001010597	decision-missed	n/a	n/a	P
18.94606090011075	1.0000237999483943	win	n/a	n/a	n/a
