onset	duration	trial_type	rt	resp	gender
0.7131250000093132	3.006656599987764	decision	1.0346188999828883	left	D
4.266025899967644	1.000619700003881	loss	n/a	n/a	n/a
7.985724499973003	3.0066684000194073	decision	1.033717600046657	right	D
11.538626800000202	1.000822199974209	win	n/a	n/a	n/a
