onset	duration	trial_type	rt	resp	gender
0.6916357000000062	3.0064367999999604	decision	2.8188155999999935	left	P
4.245006099999955	1.0007943000000523	win	n/a	n/a	n/a
7.931340599999999	3.006450299999983	decision	1.815344800000048	right	P
11.483377700000005	1.0011277999999493	loss	n/a	n/a	n/a
15.169527000000016	3.093124399999965	decision	3.0856718	right	P
18.80551109999999	1.0008560999999645	win	n/a	n/a	n/a
