onset	duration	trial_type	rt	resp	gender
0.6411133999999947	3.091998800000056	decision	3.085108900000023	right	P
4.276472600000034	1.0013404000000037	win	n/a	n/a	n/a
7.929811500000028	3.006159499999967	decision	2.317051500000048	left	P
11.481967700000041	1.000866999999971	loss	n/a	n/a	n/a
15.118029500000034	3.005953399999953	decision	1.8011516999999913	right	P
18.670048300000076	1.00090739999996	win	n/a	n/a	n/a
