onset	duration	trial_type	rt	resp
0.00037020002491772175	0.7340651999693364	fixation_1	999	999
0.7345165000297129	3.005889100022614	face	1.3149560999590904	2
3.7404536998365074	0.7340651999693364	fixation_2	999	999
4.296983500011265	1.0311579999979585	feedback win	999	999
5.328144500032067	5.331576299853623	ITI	999	999
