onset	duration	trial_type	rt	resp	gender
0.7775873998180032	3.00422770017758	decision	1.3149010001216084	left	B
4.340251999907196	1.0000159000046551	loss	n/a	n/a	n/a
11.434747999999672	3.005200200015679	decision	1.3118999998550862	right	B
14.997109399875626	1.0000492001418024	win	n/a	n/a	n/a
