onset	duration	trial_type	rt	resp	gender
0.6772288999054581	3.0067853000946343	decision	2.068572600139305	right	P
4.230069699930027	1.0009706001728773	win	n/a	n/a	n/a
7.899655200075358	3.00798699981533	decision	1.8156790998764336	left	P
11.45200529997237	1.0002218999434263	loss	n/a	n/a	n/a
15.137998899910599	3.077494400087744	decision-missed	n/a	n/a	P
18.75713189993985	1.00085230008699	win	n/a	n/a	n/a
