onset	duration	trial_type	rt	resp	gender
1.5273367000045255	3.0093290000222623	decision	1.820513500017114	right	P
5.09073370002443	1.015812299971003	win	n/a	n/a	n/a
8.970800400013104	3.009018099983223	decision	1.5478996000019833	left	P
12.534095900016837	1.0162379000103101	loss	n/a	n/a	n/a
16.247653500002343	3.0077071000123397	decision	1.8128759000101127	left	P
19.811498199997004	1.015394899994135	win	n/a	n/a	n/a
