onset	duration	trial_type	response_time
4.433957	3.518991	missed_trial	n/a
4.433957	33.500000	block_computer_reward	n/a
9.115600	3.530915	event_friend_punish	0.605753
13.803906	3.531668	event_friend_punish	0.553930
18.489271	3.525359	event_friend_punish	0.856011
23.181622	3.526871	event_friend_punish	0.699900
27.858517	3.528557	event_friend_punish	0.475834
32.533028	3.526643	event_friend_punish	0.388887
