onset	duration	trial_type	rt	resp	gender
0.6892238999716938	3.0067936000414193	decision	1.55134750000434	left	P
4.242046999977902	1.0007752000237815	loss	n/a	n/a	n/a
7.895168899965938	3.0066065000137314	decision	1.033493000024464	right	P
11.44807739998214	1.0005691000260413	win	n/a	n/a	n/a
