onset	duration	trial_type	rt	resp	gender
0.6728344999719411	3.0079508000053465	decision	2.567963400040753	right	P
4.225382299977355	1.00070410000626	win	n/a	n/a	n/a
7.8947697000112385	3.0071831999812275	decision	2.0673127999762073	left	P
11.447197799920104	1.000526300049387	loss	n/a	n/a	n/a
