onset	duration	trial_type	rt	resp	gender
0.721806694753468	3.0071628303121543	decision	1.3009387932397658	left	A
4.271623050619382	1.0000902598840185	win	n/a	n/a	n/a
11.28843946113193	3.0069551420601783	decision	1.0494956163602183	right	A
14.838654892431805	1.016309566621203	loss	n/a	n/a	n/a
