Trial,Endowment,Earned,Choice,Offer,Prop_Endowment
19,21,0,0,9,0.428571428571429
20,15,0,0,1,0.0666666666666667
19,25,0,0,2,0.08
22,21,0,0,1,0.0476190476190476
25,23,0,0,1,0.0434782608695652
