Trial,Endowment,Earned,Choice,Offer,Prop_Endowment
2,23,0,0,7,0.304347826086957
9,17,0,0,3,0.176470588235294
18,17,0,0,1,0.0588235294117647
22,25,0,0,2,0.08
33,23,0,0,1,0.0434782608695652
7,23,0,0,1,0.0434782608695652
9,17,0,0,1,0.0588235294117647
