Trial,Endowment,Earned,Choice,Offer,Prop_Endowment
18,19,0,0,1,0.0526315789473684
27,21,0,0,1,0.0476190476190476
6,25,0,0,2,0.08
11,19,0,0,1,0.0526315789473684
28,21,0,0,1,0.0476190476190476
31,21,0,0,1,0.0476190476190476
