Trial,Endowment,Earned,Choice,Offer,Prop_Endowment
1,21,1,1,1,0.0476190476190476
4,25,11,1,11,0.44
16,15,7,1,7,0.466666666666667
18,23,10,1,10,0.434782608695652
30,17,5,1,5,0.294117647058824
32,25,11,1,11,0.44
34,25,11,1,11,0.44
6,17,5,1,5,0.294117647058824
11,21,7,1,7,0.333333333333333
23,21,7,1,7,0.333333333333333
29,15,5,1,5,0.333333333333333
34,17,8,1,8,0.470588235294118
