Trial,Endowment,Earned,Choice,Offer,Prop_Endowment
6,19,0,0,1,0.0526315789473684
19,17,0,0,1,0.0588235294117647
24,23,0,0,4,0.173913043478261
29,19,0,0,4,0.210526315789474
4,17,0,0,1,0.0588235294117647
19,21,0,0,4,0.19047619047619
24,23,0,0,4,0.173913043478261
28,17,0,0,1,0.0588235294117647
29,23,0,0,4,0.173913043478261
35,17,0,0,3,0.176470588235294
