Trial,Endowment,Earned,Choice,Offer,Prop_Endowment
1,25,0,0,5,0.2
2,15,0,0,1,0.0666666666666667
4,15,0,0,3,0.2
21,21,0,0,4,0.19047619047619
21,23,0,0,1,0.0434782608695652
22,21,0,0,1,0.0476190476190476
25,15,0,0,1,0.0666666666666667
26,17,0,0,1,0.0588235294117647
28,17,0,0,3,0.176470588235294
