Trial,Endowment,Earned,Choice,Offer,Prop_Endowment
14,19,9,1,9,0.473684210526316
19,25,5,1,5,0.2
27,19,9,1,9,0.473684210526316
29,17,8,1,8,0.470588235294118
1,19,6,1,6,0.315789473684211
4,19,6,1,6,0.315789473684211
10,15,7,1,7,0.466666666666667
18,25,8,1,8,0.32
21,21,9,1,9,0.428571428571429
24,19,9,1,9,0.473684210526316
