Trial,Endowment,Earned,Choice,Offer,Prop_Endowment
9,21,9,1,9,0.428571428571429
16,21,9,1,9,0.428571428571429
24,23,7,1,7,0.304347826086957
31,15,7,1,7,0.466666666666667
34,17,8,1,8,0.470588235294118
1,23,10,1,10,0.434782608695652
21,23,7,1,7,0.304347826086957
26,25,11,1,11,0.44
