Trial,Endowment,Earned,Choice,Offer,Prop_Endowment
8,15,7,1,7,0.466666666666667
11,19,9,1,9,0.473684210526316
17,15,7,1,7,0.466666666666667
18,17,8,1,8,0.470588235294118
21,17,8,1,8,0.470588235294118
33,21,9,1,9,0.428571428571429
1,21,7,1,7,0.333333333333333
6,15,5,1,5,0.333333333333333
8,21,4,1,4,0.19047619047619
18,17,5,1,5,0.294117647058824
28,15,7,1,7,0.466666666666667
31,25,8,1,8,0.32
