Trial,Endowment,Earned,Choice,Offer,Prop_Endowment
7,25,11,1,11,0.44
14,17,8,1,8,0.470588235294118
23,17,8,1,8,0.470588235294118
6,17,8,1,8,0.470588235294118
19,21,9,1,9,0.428571428571429
20,19,9,1,9,0.473684210526316
