Trial,Endowment,Earned,Choice,Offer,Prop_Endowment
31,15,0,0,1,0.0666666666666667
33,19,0,0,1,0.0526315789473684
