Trial,Endowment,Earned,Choice,Offer,Prop_Endowment
9,23,1,1,1,0.0434782608695652
11,23,10,1,10,0.434782608695652
18,19,4,1,4,0.210526315789474
26,19,9,1,9,0.473684210526316
27,21,7,1,7,0.333333333333333
30,15,5,1,5,0.333333333333333
31,15,7,1,7,0.466666666666667
34,21,7,1,7,0.333333333333333
1,21,7,1,7,0.333333333333333
8,15,5,1,5,0.333333333333333
19,23,10,1,10,0.434782608695652
34,15,7,1,7,0.466666666666667
