Trial,Endowment,Earned,Choice,Offer,Prop_Endowment
6,21,0,0,1,0.0476190476190476
9,17,0,0,3,0.176470588235294
13,23,0,0,4,0.173913043478261
18,15,0,0,1,0.0666666666666667
26,21,0,0,1,0.0476190476190476
29,23,0,0,1,0.0434782608695652
