Trial,Endowment,Earned,Choice,Offer,Prop_Endowment
5,17,8,1,8,0.470588235294118
6,17,8,1,8,0.470588235294118
8,23,10,1,10,0.434782608695652
19,25,5,1,5,0.2
20,17,8,1,8,0.470588235294118
28,25,5,1,5,0.2
2,17,8,1,8,0.470588235294118
4,17,5,1,5,0.294117647058824
5,23,10,1,10,0.434782608695652
17,19,6,1,6,0.315789473684211
29,15,7,1,7,0.466666666666667
