Trial,Endowment,Earned,Choice,Offer,Prop_Endowment
7,21,0,0,4,0.19047619047619
10,17,0,0,1,0.0588235294117647
32,19,0,0,9,0.473684210526316
13,21,0,0,1,0.0476190476190476
21,17,0,0,1,0.0588235294117647
22,21,0,0,1,0.0476190476190476
31,17,0,0,1,0.0588235294117647
