Trial,Endowment,Earned,Choice,Offer,Prop_Endowment
4,21,7,1,7,0.333333333333333
22,23,10,1,10,0.434782608695652
24,17,5,1,5,0.294117647058824
29,15,3,1,3,0.2
35,23,10,1,10,0.434782608695652
36,17,8,1,8,0.470588235294118
1,19,6,1,6,0.315789473684211
3,15,7,1,7,0.466666666666667
10,21,7,1,7,0.333333333333333
17,25,11,1,11,0.44
21,25,11,1,11,0.44
26,23,10,1,10,0.434782608695652
33,23,7,1,7,0.304347826086957
