Trial,Endowment,Earned,Choice,Offer,Prop_Endowment
1,21,7,1,7,0.333333333333333
6,21,9,1,9,0.428571428571429
7,19,9,1,9,0.473684210526316
9,23,10,1,10,0.434782608695652
27,19,9,1,9,0.473684210526316
4,21,9,1,9,0.428571428571429
36,23,10,1,10,0.434782608695652
