Trial,Endowment,Earned,Choice,Offer,Prop_Endowment
2,19,6,1,6,0.315789473684211
5,25,8,1,8,0.32
16,19,9,1,9,0.473684210526316
26,21,9,1,9,0.428571428571429
27,19,6,1,6,0.315789473684211
28,23,10,1,10,0.434782608695652
35,19,6,1,6,0.315789473684211
4,19,6,1,6,0.315789473684211
10,25,8,1,8,0.32
14,15,7,1,7,0.466666666666667
22,17,8,1,8,0.470588235294118
25,15,7,1,7,0.466666666666667
32,19,6,1,6,0.315789473684211
