Trial,Endowment,Earned,Choice,Offer,Prop_Endowment
7,15,1,1,1,0.0666666666666667
8,23,10,1,10,0.434782608695652
15,25,8,1,8,0.32
30,21,4,1,4,0.19047619047619
35,21,9,1,9,0.428571428571429
5,17,5,1,5,0.294117647058824
6,15,7,1,7,0.466666666666667
17,21,4,1,4,0.19047619047619
19,25,11,1,11,0.44
24,21,7,1,7,0.333333333333333
26,21,9,1,9,0.428571428571429
29,25,8,1,8,0.32
30,23,4,1,4,0.173913043478261
34,23,10,1,10,0.434782608695652
