Trial,Endowment,Earned,Choice,Offer,Prop_Endowment
35,21,0,0,1,0.0476190476190476
5,25,0,0,2,0.08
9,23,0,0,1,0.0434782608695652
