Trial,Endowment,Earned,Choice,Offer,Prop_Endowment
4,23,7,1,7,0.304347826086957
5,19,6,1,6,0.315789473684211
12,21,9,1,9,0.428571428571429
14,17,5,1,5,0.294117647058824
25,25,5,1,5,0.2
34,25,5,1,5,0.2
36,15,5,1,5,0.333333333333333
4,21,4,1,4,0.19047619047619
5,19,9,1,9,0.473684210526316
7,23,7,1,7,0.304347826086957
15,25,11,1,11,0.44
18,23,4,1,4,0.173913043478261
22,19,6,1,6,0.315789473684211
23,17,5,1,5,0.294117647058824
33,17,5,1,5,0.294117647058824
