Trial,Endowment,Earned,Choice,Offer,Prop_Endowment
4,0,3,1,3,Inf
9,3,9,1,9,3
11,2,3,1,3,1.5
13,10,2,1,2,0.2
14,10,2,1,2,0.2
19,4,19,1,19,4.75
22,4,22,1,22,5.5
29,0,3,1,3,Inf
30,5,30,1,30,6
36,5,1,1,1,0.2
1,0,1,1,1,Inf
5,0,3,1,3,Inf
7,10,2,1,2,0.2
9,1,9,1,9,9
11,7,11,1,11,1.57142857142857
14,4,1,1,1,0.25
19,7,1,1,1,0.142857142857143
20,0,3,1,3,Inf
27,4,27,1,27,6.75
28,1,28,1,28,28
