Trial,Endowment,Choice,Decision,More_Prop,Less_Prop
4,5,4,1,0.8,0.4
6,0,6,1,Inf,Inf
8,4,8,1,2,0.5
12,6,1,0,2,0.166666666666667
13,0,3,0,Inf,Inf
15,5,15,1,3,0.2
16,1,16,1,16,2
17,9,3,0,1.88888888888889,0.333333333333333
18,5,1,0,3.6,0.2
22,5,1,0,4.4,0.2
24,1,24,1,24,2
25,9,2,0,2.77777777777778,0.222222222222222
26,8,2,0,3.25,0.25
29,11,1,0,2.63636363636364,0.0909090909090909
30,1,1,0,30,1
33,0,33,1,Inf,Inf
34,3,3,0,11.3333333333333,1
36,0,36,1,Inf,Inf
