Trial,Endowment,Earned,Choice,Offer,Prop_Endowment
1,15,7,1,7,0.466666666666667
3,19,9,1,9,0.473684210526316
4,19,6,1,6,0.315789473684211
15,19,9,1,9,0.473684210526316
32,19,6,1,6,0.315789473684211
3,23,10,1,10,0.434782608695652
11,21,7,1,7,0.333333333333333
22,15,1,1,1,0.0666666666666667
36,23,7,1,7,0.304347826086957
