Trial,Endowment,Earned,Choice,Offer,Prop_Endowment
5,17,0,0,1,0.0588235294117647
16,25,0,0,5,0.2
1,21,0,0,1,0.0476190476190476
8,21,0,0,1,0.0476190476190476
20,17,0,0,1,0.0588235294117647
26,21,0,0,1,0.0476190476190476
28,17,0,0,1,0.0588235294117647
29,15,0,0,1,0.0666666666666667
