Trial,Endowment,Earned,Choice,Offer,Prop_Endowment
12,19,0,0,1,0.0526315789473684
15,23,0,0,1,0.0434782608695652
25,25,0,0,2,0.08
11,15,0,0,1,0.0666666666666667
15,19,0,0,1,0.0526315789473684
17,23,0,0,4,0.173913043478261
18,19,0,0,4,0.210526315789474
21,23,0,0,4,0.173913043478261
23,19,0,0,4,0.210526315789474
26,21,0,0,1,0.0476190476190476
27,17,0,0,5,0.294117647058824
