onset	duration	trial_type	rt	resp	gender
0.6022836086340249	3.005749471951276	decision	1.5496928142383695	right	D
4.152266220655292	1.0166920642368495	loss	n/a	n/a	n/a
7.785738435573876	3.0053283595480025	decision	1.799376149661839	left	D
11.335815835744143	1.0162836303934455	win	n/a	n/a	n/a
