duration	onset	trial_type
2.5168280600046273	0.6532875810007681	win
2.517631985996559	10.626606328005437	loss
