TrialNumber,nTrial,Block,Endowment,ITI,ISI,L_Option,R_Option,ran,order,endowment_onset,endowment_offset,ISI_onset,ISI_offset,decision_onset,resp,rt,resp_onset,decision_offset,trialDuration,ITIonset,ITIoffset,cue_Onset
1,1,1,15,8,0.5,6.75,2.85,1.0,0.0,5.994585,6.0113573,6.011581,6.5271854,6.527369,2.0,7.116657,13.644026,14.159924,7.633065,14.1606,22.163918,--
2,2,3,23,8,0.5,3.45,0,1.0,1.0,24.15914,24.175896,24.175968,24.692675,24.692818,3.0,84.30661,108.99943,109.51571,84.823296,109.51626,117.51935,22.167007
3,3,1,21,4,2,9.45,3.99,1.0,2.0,119.51425,119.53085,119.53101,121.547516,121.54767,2.0,133.95163,255.4993,256.01593,134.46872,256.0165,260.02023,--
4,4,2,17,2,0.5,3.23,1.02,1.0,3.0,262.01514,262.03146,262.03165,262.5484,262.54855,2.0,161.76468,424.31323,424.8295,162.28145,424.83017,426.83374,--
5,5,2,17,2,0.5,5.95,0,1.0,4.0,428.829,428.84583,428.846,429.36328,429.3634,3.0,0.0108788,429.3743,429.8933,0.5303282,429.8939,431.89734,--
6,6,3,23,2,0.5,10.35,7.36,1.0,5.0,433.89523,433.91193,433.912,434.42764,434.42776,3.0,0.0035191001,434.4313,434.9445,0.5170802,434.945,436.94907,431.89923
