onset	duration	trial_type	rt	resp	gender
0.7259001999627799	3.0050395999569446	decision	1.314638499985449	left	P
4.2884544000262395	1.031210899935104	loss	n/a	n/a	n/a
8.038421800010838	3.0048715999582782	decision	1.312569799949415	right	P
11.60090499999933	1.0305401999503374	win	n/a	n/a	n/a
