onset	duration	trial_type	rt	resp	gender
0.6797044998966157	3.0049317001830786	decision	1.3145616000983864	left	P
4.242103300057352	1.0002226999495178	win	n/a	n/a	n/a
7.9305352999363095	3.0051865000277758	decision	1.3117832001298666	right	P
11.492461200105026	1.0308799999766052	loss	n/a	n/a	n/a
15.17973480001092	3.0050381999462843	decision	1.3128201998770237	left	P
18.74220860004425	1.0311077998485416	win	n/a	n/a	n/a
