First,Second,Third,Fourth,Fifth
0.791666666666667,0.628571428571429,0.538461538461538,0.217391304347826,0.0740740740740741
