Subjects,UG_P,DG_P,UG_R
1002,105.772721734893,189,47
1003,85.2750974658869,133,25
1004,79.4558966861599,150,43
1006,96.5538742690059,172.5,44
1007,86.5227339181287,176.5,38
1009,89.5525584795322,166.5,39
1010,95.3698464912281,184,33
1011,68.7769493177388,178,61.5
1012,111.766788499025,181,34
1013,107.453533138402,170,51
1015,87.0808723196881,182.5,56.5
1016,95.9326388888889,191,42.5
1019,91.8132066276803,158,46
1021,101.001096491228,173.5,28
