onset	duration	trial_type	rt	resp	gender
0.584268500097096	3.005440599983558	decision	2.051242999965325	left	P
4.138523100176826	1.0004131998866796	win	n/a	n/a	n/a
7.757727400166914	3.0066942998673767	decision	1.0502986998762935	right	P
11.310091300169006	1.0006615000311285	loss	n/a	n/a	n/a
14.912711300188676	3.0066867999266833	decision	1.5507634999230504	left	P
18.46519730007276	1.0008509000763297	win	n/a	n/a	n/a
