onset	duration	trial_type	rt	resp	gender
0.6142026999996233	3.0055867000000944	decision	1.3034622000000127	right	P
4.161154399999759	1.0157674000001862	win	n/a	n/a	n/a
7.808299399999669	3.00534080000034	decision	1.299826899999971	left	P
11.355652599999758	1.0157349999999497	loss	n/a	n/a	n/a
15.002578999999969	3.0063649999997324	decision	2.0653278999998292	right	P
18.549903899999663	1.0152639000002637	win	n/a	n/a	n/a
