onset	duration	trial_type	rt	resp	gender
0.6064170999998169	3.0053877999998804	decision	2.0681368999998995	left	P
4.1536135999999715	1.0153964000000997	win	n/a	n/a	n/a
7.800662299999658	3.0064863000002333	decision	1.7998231999999916	right	P
11.347288699999808	1.0160817000000861	loss	n/a	n/a	n/a
14.978002899999865	3.006534300000112	decision	2.5819526999998743	right	P
18.525221599999895	1.0153692999997475	win	n/a	n/a	n/a
