onset	duration	trial_type	rt	resp	gender
0.648402899998473	3.341338400001405	decision	3.334579800000938	right	P
4.534167999998317	1.000763399999414	win	n/a	n/a	n/a
8.17034589999821	3.0750954000031925	decision-missed	n/a	n/a	P
11.789498400001321	1.0007583999977214	loss	n/a	n/a	n/a
15.425343399998383	3.007330100001127	decision	2.3174933999980567	right	P
18.978105800000776	1.0004633999997168	win	n/a	n/a	n/a
