onset	duration	trial_type	rt	resp	gender
0.6519321000669152	3.0070937999989837	decision	2.5683053999673575	right	P
4.206110300030559	1.0006774000357836	win	n/a	n/a	n/a
7.858636399963871	3.0076576999854296	decision	2.067595100030303	left	P
11.411217299988493	1.000872600125149	loss	n/a	n/a	n/a
15.04681729990989	3.007728800177574	decision	2.3178161000832915	left	P
18.59948719991371	1.000676600029692	win	n/a	n/a	n/a
