onset	duration	trial_type	rt	resp	gender
0.9422193000209518	3.006087399960961	decision	2.0682180000003427	left	P
4.4892045999877155	1.01595010003075	win	n/a	n/a	n/a
8.269480900024064	3.006165599974338	decision	1.2993514999980107	right	P
11.816522100009024	1.0157680999836884	loss	n/a	n/a	n/a
15.563441600010265	3.0063705999637023	decision	1.548595900007058	right	P
19.11040469998261	1.016058100038208	win	n/a	n/a	n/a
