onset	duration	trial_type	rt	resp	gender
0.628175899386406	3.009720000438392	decision	1.8193072006106377	right	P
4.19173329975456	1.016380799934268	win	n/a	n/a	n/a
7.839900699444115	3.0059446999803185	decision	2.06436700001359	right	P
11.402990899980068	1.0153081994503736	loss	n/a	n/a	n/a
15.034639499150217	3.0052135000005364	decision	2.0636861007660627	right	P
18.580517299473286	1.0157863004133105	win	n/a	n/a	n/a
