duration	onset	trial_type
3.2025450000001	0.594185830999777	loss
3.2036591799987946	7.932513269000992	win
