onset	duration	trial_type	rt	resp	gender
0.5978410109819379	3.0797644346312154	decision-missed	n/a	n/a	M
4.233337040583137	1.000924728345126	win	n/a	n/a	n/a
11.138631601119414	3.005812050017994	decision	2.0683183966903016	left	M
14.691172015678603	1.0009181861532852	loss	n/a	n/a	n/a
17.39343707394437	3.0057910011382774	decision	2.8348166628566105	left	M
20.945357968856115	1.0007566217973363	win	n/a	n/a	n/a
