duration	onset	trial_type
3.22021148299973	0.618509226000242	loss
