onset	duration	trial_type	rt	resp	gender
0.6069876013498288	3.0068252405617386	decision	1.8188206541817635	right	o
4.15887009628932	1.0018491722585168	loss	n/a	n/a	n/a
7.7788112902780995	3.0056018456816673	decision	1.5507950644241646	left	o
11.331290264846757	1.000672141846735	win	n/a	n/a	n/a
