onset	duration	trial_type	rt	resp	gender
0.6091071827104315	3.0059837109874934	decision	2.5661006562877446	left	P
4.159150652354583	1.0166138390777633	win	n/a	n/a	n/a
7.809273212449625	3.00547294318676	decision	2.0672652792418376	left	P
11.359212536131963	1.0166995708132163	loss	n/a	n/a	n/a
14.992440817994066	3.0052435202524066	decision	2.066260648542084	right	P
18.54251055046916	1.016491882619448	win	n/a	n/a	n/a
