onset	duration	trial_type	rt	resp	gender
0.6678282999928342	3.0054125000024214	decision	1.8020447000017157	right	P
4.220600099986768	1.0009946000063792	win	n/a	n/a	n/a
7.890969899992342	3.0071656000072835	decision	2.068017099998542	left	P
11.443857899997965	1.000817799998913	loss	n/a	n/a	n/a
15.113394899992272	3.0075222000014037	decision	2.3176273999997647	left	P
18.66554729999916	1.0009252000018023	win	n/a	n/a	n/a
