onset	duration	trial_type	rt	resp	gender
0.733126699924469	3.0033148999791592	decision	1.0650620001833886	left	A
4.295655000023544	1.000038200058043	win	n/a	n/a	n/a
