onset	duration	trial_type	rt	resp
0.000345699954777956	0.7326786001212895	fixation_1	999	999
0.733126699924469	3.0033148999791592	face	1.0650620001833886	2
3.736490000039339	0.7326786001212895	fixation_2	999	999
4.295655000023544	1.000038200058043	feedback win	999	999
5.29569620010443	5.331618799827993	ITI	999	999
