condition	duration	onset	resp	rt
face	3.0	0.6275144657120109	999	999
Fixation_ant	0.6	3.7306904206052423	999	999
loss	1.0	4.34736686386168	999	999
