onset	duration	trial_type	rt	resp	gender
0.7289601999800652	3.0050782000180334	decision	1.8016301000025123	right	P
4.281652299920097	1.0008102001156658	win	n/a	n/a	n/a
8.034698199946433	3.0048877000808716	decision	1.801683299941942	left	P
11.587491899961606	1.0008898000232875	loss	n/a	n/a	n/a
15.290819599991664	3.0046151001006365	decision	1.549277300015092	right	P
18.844254599884152	1.000474200118333	win	n/a	n/a	n/a
