onset	duration	trial_type	rt	resp	gender
0.7760150999529287	3.004356599994935	decision	1.065454600029625	left	A
4.33635899994988	1.001372899976559	win	n/a	n/a	n/a
